image_name,group,strategy,generated_caption,best_f1,best_match_ref,human_caption_1,human_caption_2,human_caption_3,human_caption_4,human_caption_5
1119418776_58e4b93eac.jpg,good,baseline,a dog running in a field,1.0,A dog running in a field .,A black and white dog is running through the field .,"A black , brown and white dog running through a field .","A brown , black and white dog is running through a large field with its mouth open .",A dog running in a field .,A dog with its mouth open running through a field torwards the camera .
1119418776_58e4b93eac.jpg,good,exp1_longer,a dog running in a field,1.0,A dog running in a field .,A black and white dog is running through the field .,"A black , brown and white dog running through a field .","A brown , black and white dog is running through a large field with its mouth open .",A dog running in a field .,A dog with its mouth open running through a field torwards the camera .
1119418776_58e4b93eac.jpg,good,exp2_beam5,a dog running in a field,1.0,A dog running in a field .,A black and white dog is running through the field .,"A black , brown and white dog running through a field .","A brown , black and white dog is running through a large field with its mouth open .",A dog running in a field .,A dog with its mouth open running through a field torwards the camera .
1235681222_819231767a.jpg,good,baseline,people sitting on benches in a public area,1.0,People sitting on benches in a public area .,A person in a blue shirt sits behind two people sitting on a wood bench .,People sit on benches .,People sitting on benches in a public area .,Three people sit on wood benches set on white and orange tile .,Three people sit waiting in a lobby .
1235681222_819231767a.jpg,good,exp1_longer,people sitting on benches in a public area,1.0,People sitting on benches in a public area .,A person in a blue shirt sits behind two people sitting on a wood bench .,People sit on benches .,People sitting on benches in a public area .,Three people sit on wood benches set on white and orange tile .,Three people sit waiting in a lobby .
1235681222_819231767a.jpg,good,exp2_beam5,a group of people sitting on benches on a sidewalk,0.625,People sitting on benches in a public area .,A person in a blue shirt sits behind two people sitting on a wood bench .,People sit on benches .,People sitting on benches in a public area .,Three people sit on wood benches set on white and orange tile .,Three people sit waiting in a lobby .
143237785_93f81b3201.jpg,good,baseline,a man holding a fish,1.0,A man holding a fish .,A man holding a fish .,A man holds a fish in both hands .,A man holds a large fish on a boat .,Someone is holding up a green fish for display outdoors .,The person in blue jeans holds a yellow fish .
143237785_93f81b3201.jpg,good,exp1_longer,a man holding a fish,1.0,A man holding a fish .,A man holding a fish .,A man holds a fish in both hands .,A man holds a large fish on a boat .,Someone is holding up a green fish for display outdoors .,The person in blue jeans holds a yellow fish .
143237785_93f81b3201.jpg,good,exp2_beam5,a man holding a fish,1.0,A man holding a fish .,A man holding a fish .,A man holds a fish in both hands .,A man holds a large fish on a boat .,Someone is holding up a green fish for display outdoors .,The person in blue jeans holds a yellow fish .
1662261486_db967930de.jpg,good,baseline,a dog jumping through a ring,1.0,A dog jumping through a ring .,A black and white dog is jumping through a black and white hoop .,A black and white dog jumps through a black and white hoop .,A brown and white dog jumping through a black and white hoop .,A dog jumping through a black and white hoop .,A dog jumping through a ring .
1662261486_db967930de.jpg,good,exp1_longer,a dog jumping through a ring,1.0,A dog jumping through a ring .,A black and white dog is jumping through a black and white hoop .,A black and white dog jumps through a black and white hoop .,A brown and white dog jumping through a black and white hoop .,A dog jumping through a black and white hoop .,A dog jumping through a ring .
1662261486_db967930de.jpg,good,exp2_beam5,a dog jumping in the air,0.5455,A dog jumping through a ring .,A black and white dog is jumping through a black and white hoop .,A black and white dog jumps through a black and white hoop .,A brown and white dog jumping through a black and white hoop .,A dog jumping through a black and white hoop .,A dog jumping through a ring .
2786299623_a3c48bd318.jpg,good,baseline,a woman walking a dog on a beach,1.0,A woman walking a dog on a beach .,a lone woman wearing a bikini on a beach walking a dog on a leash,A woman in a bathing suit walks a dog on the beach .,A woman in a bikini pulls a dog on a leash at the beach .,A woman is standing at the beach with her dog on a leash,A woman walking a dog on a beach .
2786299623_a3c48bd318.jpg,good,exp1_longer,a woman walking a dog on a beach,1.0,A woman walking a dog on a beach .,a lone woman wearing a bikini on a beach walking a dog on a leash,A woman in a bathing suit walks a dog on the beach .,A woman in a bikini pulls a dog on a leash at the beach .,A woman is standing at the beach with her dog on a leash,A woman walking a dog on a beach .
2786299623_a3c48bd318.jpg,good,exp2_beam5,a woman walking a dog on a beach,1.0,A woman walking a dog on a beach .,a lone woman wearing a bikini on a beach walking a dog on a leash,A woman in a bathing suit walks a dog on the beach .,A woman in a bikini pulls a dog on a leash at the beach .,A woman is standing at the beach with her dog on a leash,A woman walking a dog on a beach .
2686432878_0697dbc048.jpg,medium,baseline,a woman with a backpack,0.5,"A female with glasses , a brown shirt , and a backpack .","A female with glasses , a brown shirt , and a backpack .",A happy bespectacled young white girl in a brown t-shirt and a backpack,A woman wearing a brown shirt and glasses smiles for the camera .,There is a young girl with glasses and disheveled hair with a green backpack .,"Young lady with brown shirt , glasses , and a backpack ."
2686432878_0697dbc048.jpg,medium,exp1_longer,a woman with a backpack,0.5,"A female with glasses , a brown shirt , and a backpack .","A female with glasses , a brown shirt , and a backpack .",A happy bespectacled young white girl in a brown t-shirt and a backpack,A woman wearing a brown shirt and glasses smiles for the camera .,There is a young girl with glasses and disheveled hair with a green backpack .,"Young lady with brown shirt , glasses , and a backpack ."
2686432878_0697dbc048.jpg,medium,exp2_beam5,a woman wearing a backpack,0.4,A woman wearing a brown shirt and glasses smiles for the camera .,"A female with glasses , a brown shirt , and a backpack .",A happy bespectacled young white girl in a brown t-shirt and a backpack,A woman wearing a brown shirt and glasses smiles for the camera .,There is a young girl with glasses and disheveled hair with a green backpack .,"Young lady with brown shirt , glasses , and a backpack ."
2692635048_16c279ff9e.jpg,medium,baseline,a dog laying in the grass,0.5,A black dog sitting in brown grass with a colorful ball .,A black dog lays next to a ball .,A black dog sitting in brown grass with a colorful ball .,A brown and black dog laying next to a colourful ball .,A doberman mix takes a break in the hay from playing with his ball .,The dog rests after playing catch .
2692635048_16c279ff9e.jpg,medium,exp1_longer,a dog laying in the grass,0.5,A black dog sitting in brown grass with a colorful ball .,A black dog lays next to a ball .,A black dog sitting in brown grass with a colorful ball .,A brown and black dog laying next to a colourful ball .,A doberman mix takes a break in the hay from playing with his ball .,The dog rests after playing catch .
2692635048_16c279ff9e.jpg,medium,exp2_beam5,a dog laying in the grass with a ball,0.6667,A black dog sitting in brown grass with a colorful ball .,A black dog lays next to a ball .,A black dog sitting in brown grass with a colorful ball .,A brown and black dog laying next to a colourful ball .,A doberman mix takes a break in the hay from playing with his ball .,The dog rests after playing catch .
2696636252_91ef1491ea.jpg,medium,baseline,a man jumping a skateboard over a rail,0.5,A man is skating on a rail .,A man is skating on a rail .,A person wearing Rollerblades slides along a handrail .,A rollerblader grinding a rail and grabbing one foot .,A rollerblader grinds across a rail .,Boy in black shirt on one foot standing on metal rail above green grass on right and black pavement on left .
2696636252_91ef1491ea.jpg,medium,exp1_longer,a man jumping a skateboard over a rail,0.5,A man is skating on a rail .,A man is skating on a rail .,A person wearing Rollerblades slides along a handrail .,A rollerblader grinding a rail and grabbing one foot .,A rollerblader grinds across a rail .,Boy in black shirt on one foot standing on metal rail above green grass on right and black pavement on left .
2696636252_91ef1491ea.jpg,medium,exp2_beam5,a person jumping a skate board in the air,0.2667,A person wearing Rollerblades slides along a handrail .,A man is skating on a rail .,A person wearing Rollerblades slides along a handrail .,A rollerblader grinding a rail and grabbing one foot .,A rollerblader grinds across a rail .,Boy in black shirt on one foot standing on metal rail above green grass on right and black pavement on left .
2705793985_007cc703fb.jpg,medium,baseline,a dog in the grass,0.5,A black dog with a blue collar runs through the green grass .,A black and white dog in a blue harness running through a grassy field .,A black and white dog runs through grass .,A black and white dog with a blue collar walks through the grass .,A black and white dog with a blue halter runs through the grass .,A black dog with a blue collar runs through the green grass .
2705793985_007cc703fb.jpg,medium,exp1_longer,a dog in the grass,0.5,A black dog with a blue collar runs through the green grass .,A black and white dog in a blue harness running through a grassy field .,A black and white dog runs through grass .,A black and white dog with a blue collar walks through the grass .,A black and white dog with a blue halter runs through the grass .,A black dog with a blue collar runs through the green grass .
2705793985_007cc703fb.jpg,medium,exp2_beam5,a dog in the grass,0.5,A black dog with a blue collar runs through the green grass .,A black and white dog in a blue harness running through a grassy field .,A black and white dog runs through grass .,A black and white dog with a blue collar walks through the grass .,A black and white dog with a blue halter runs through the grass .,A black dog with a blue collar runs through the green grass .
2709648336_15455e60b2.jpg,medium,baseline,a dog jumping in the air,0.5,A brown dog jumped into the air and caught a Frisbee .,A brown dog in midair with a Frisbee in his mouth .,A brown dog is catching a Frisbee in midair .,A brown dog jumped into the air and caught a Frisbee .,A large brown and black dog jumps in the air holding a white Frisbee in its mouth .,The dog leaps to catch the Frisbee .
2709648336_15455e60b2.jpg,medium,exp1_longer,a dog jumping in the air,0.5,A brown dog jumped into the air and caught a Frisbee .,A brown dog in midair with a Frisbee in his mouth .,A brown dog is catching a Frisbee in midair .,A brown dog jumped into the air and caught a Frisbee .,A large brown and black dog jumps in the air holding a white Frisbee in its mouth .,The dog leaps to catch the Frisbee .
2709648336_15455e60b2.jpg,medium,exp2_beam5,dog jumping in the air,0.4,A brown dog jumped into the air and caught a Frisbee .,A brown dog in midair with a Frisbee in his mouth .,A brown dog is catching a Frisbee in midair .,A brown dog jumped into the air and caught a Frisbee .,A large brown and black dog jumps in the air holding a white Frisbee in its mouth .,The dog leaps to catch the Frisbee .
2710563762_06d48329d7.jpg,medium,baseline,a group of people playing basketball,0.5,two teams of players playing basketball on a court outside .,A girl basketball player wearing blue is blocking another girl player wearing yellow .,A group of people gather on a basketball court as one person jumps for the ball .,Basketball players jumping up for the ball during a game .,Girls are playing basketball .,two teams of players playing basketball on a court outside .
2710563762_06d48329d7.jpg,medium,exp1_longer,a group of people playing basketball,0.5,two teams of players playing basketball on a court outside .,A girl basketball player wearing blue is blocking another girl player wearing yellow .,A group of people gather on a basketball court as one person jumps for the ball .,Basketball players jumping up for the ball during a game .,Girls are playing basketball .,two teams of players playing basketball on a court outside .
2710563762_06d48329d7.jpg,medium,exp2_beam5,a group of people playing basketball,0.5,two teams of players playing basketball on a court outside .,A girl basketball player wearing blue is blocking another girl player wearing yellow .,A group of people gather on a basketball court as one person jumps for the ball .,Basketball players jumping up for the ball during a game .,Girls are playing basketball .,two teams of players playing basketball on a court outside .
2710698257_2e4ca8dd44.jpg,medium,baseline,a man standing on a cliff,0.5,A man is standing on top of rocks overlooking the ocean .,A man is standing on top of rocks overlooking the ocean .,A man sands with his arms out on a rocky ledge in front of the ocean .,A man stands atop a rocky cliff over the water .,Man standing on the edge of rocks near an ocean .,Man standing on top of jagged rocks near the ocean .
2710698257_2e4ca8dd44.jpg,medium,exp1_longer,a man standing on a cliff,0.5,A man is standing on top of rocks overlooking the ocean .,A man is standing on top of rocks overlooking the ocean .,A man sands with his arms out on a rocky ledge in front of the ocean .,A man stands atop a rocky cliff over the water .,Man standing on the edge of rocks near an ocean .,Man standing on top of jagged rocks near the ocean .
2710698257_2e4ca8dd44.jpg,medium,exp2_beam5,the sky is clear and blue,0.2353,A man is standing on top of rocks overlooking the ocean .,A man is standing on top of rocks overlooking the ocean .,A man sands with his arms out on a rocky ledge in front of the ocean .,A man stands atop a rocky cliff over the water .,Man standing on the edge of rocks near an ocean .,Man standing on top of jagged rocks near the ocean .
2714878018_1593c38d69.jpg,medium,baseline,a boy jumping in the air,0.5,A boy jumping over some water .,A boy jumping over some water .,A boy wearing swimming trunks jumps over some sprinkler water in a backyard .,A little boy in glasses jumps into a spray of water .,a young boy jumping through a mist of water .,Young boy with glasses playing in the sprinkler .
2714878018_1593c38d69.jpg,medium,exp1_longer,a boy jumping in the air,0.5,A boy jumping over some water .,A boy jumping over some water .,A boy wearing swimming trunks jumps over some sprinkler water in a backyard .,A little boy in glasses jumps into a spray of water .,a young boy jumping through a mist of water .,Young boy with glasses playing in the sprinkler .
2714878018_1593c38d69.jpg,medium,exp2_beam5,a boy jumping in the air,0.5,A boy jumping over some water .,A boy jumping over some water .,A boy wearing swimming trunks jumps over some sprinkler water in a backyard .,A little boy in glasses jumps into a spray of water .,a young boy jumping through a mist of water .,Young boy with glasses playing in the sprinkler .
2723477522_d89f5ac62b.jpg,medium,baseline,a dog chasing a dog,0.5,A black dog is chasing a smaller brown dog over grass .,A big dog chases a little dog on the grass .,A black dog is chasing a smaller brown dog over grass .,The large brown dog is chasing after the little brown dog .,Two brown dogs run through the grass together .,two dogs play in the grass .
2723477522_d89f5ac62b.jpg,medium,exp1_longer,a dog chasing a dog,0.5,A black dog is chasing a smaller brown dog over grass .,A big dog chases a little dog on the grass .,A black dog is chasing a smaller brown dog over grass .,The large brown dog is chasing after the little brown dog .,Two brown dogs run through the grass together .,two dogs play in the grass .
2723477522_d89f5ac62b.jpg,medium,exp2_beam5,two dogs running in the grass,0.8333,two dogs play in the grass .,A big dog chases a little dog on the grass .,A black dog is chasing a smaller brown dog over grass .,The large brown dog is chasing after the little brown dog .,Two brown dogs run through the grass together .,two dogs play in the grass .
2766291711_4e13a2b594.jpg,medium,baseline,a dog running in the grass,0.5,A dog is running away with a sandal in its mouth .,A dog is running away with a sandal in its mouth .,A large white poodle is walking on the grass carrying a sandal .,a large white puddle running along with a pink flip flop in its mouth,A white dog carries a pink flip-flop through the green yard .,Large white poodle carrying a pink flip flop outside .
2766291711_4e13a2b594.jpg,medium,exp1_longer,a dog running in the grass,0.5,A dog is running away with a sandal in its mouth .,A dog is running away with a sandal in its mouth .,A large white poodle is walking on the grass carrying a sandal .,a large white puddle running along with a pink flip flop in its mouth,A white dog carries a pink flip-flop through the green yard .,Large white poodle carrying a pink flip flop outside .
2766291711_4e13a2b594.jpg,medium,exp2_beam5,a dog running in the grass,0.5,A dog is running away with a sandal in its mouth .,A dog is running away with a sandal in its mouth .,A large white poodle is walking on the grass carrying a sandal .,a large white puddle running along with a pink flip flop in its mouth,A white dog carries a pink flip-flop through the green yard .,Large white poodle carrying a pink flip flop outside .
2043520315_4a2c782c90.jpg,bad,baseline,the sky is cloudy,0.125,Three hikers and a dog are walking through the foliage on the hillside .,A group of hikers led by a black and white dog climbs a hillside trail covered in ferns .,A group of three people and one dog hike up a green mountainside .,People with a dog hike up a green mountain .,Three hikers and a dog are walking through the foliage on the hillside .,Three people hiking up a mountain with a river and other mountains in the background .
2043520315_4a2c782c90.jpg,bad,exp1_longer,the sky is cloudy,0.125,Three hikers and a dog are walking through the foliage on the hillside .,A group of hikers led by a black and white dog climbs a hillside trail covered in ferns .,A group of three people and one dog hike up a green mountainside .,People with a dog hike up a green mountain .,Three hikers and a dog are walking through the foliage on the hillside .,Three people hiking up a mountain with a river and other mountains in the background .
2043520315_4a2c782c90.jpg,bad,exp2_beam5,mountains in the background,0.4444,Three people hiking up a mountain with a river and other mountains in the background .,A group of hikers led by a black and white dog climbs a hillside trail covered in ferns .,A group of three people and one dog hike up a green mountainside .,People with a dog hike up a green mountain .,Three hikers and a dog are walking through the foliage on the hillside .,Three people hiking up a mountain with a river and other mountains in the background .
299612419_b55fe32fea.jpg,bad,baseline,a clear blue sky,0.125,Three young men sit on rocks at the top of a mountian .,A group of young men sit on rock and look in the distance .,Three guys sitting on rocks looking at the scenery .,Three men sit on rocks in the sand while the man in the red hat and shirt looks out .,Three young men sit on rocks at the top of a mountian .,Two guys sit on rocks while another stands looking in the distance .
299612419_b55fe32fea.jpg,bad,exp1_longer,a clear blue sky,0.125,Three young men sit on rocks at the top of a mountian .,A group of young men sit on rock and look in the distance .,Three guys sitting on rocks looking at the scenery .,Three men sit on rocks in the sand while the man in the red hat and shirt looks out .,Three young men sit on rocks at the top of a mountian .,Two guys sit on rocks while another stands looking in the distance .
299612419_b55fe32fea.jpg,bad,exp2_beam5,a clear blue sky,0.125,Three young men sit on rocks at the top of a mountian .,A group of young men sit on rock and look in the distance .,Three guys sitting on rocks looking at the scenery .,Three men sit on rocks in the sand while the man in the red hat and shirt looks out .,Three young men sit on rocks at the top of a mountian .,Two guys sit on rocks while another stands looking in the distance .
3247168324_c45eaf734d.jpg,bad,baseline,a red double decker bus,0.125,a long white limo with two people hanging out the window,A girl and a man wearing a colored hat is leaning from the window of a limousine .,a long white limo with two people hanging out the window,"A man , with rainbow hair , and a woman are yelling out the window of a limo .","Two people , one with a rainbow wig , wave out the window of a limo .","Two women , one in a rainbow wig , wave out of a long car ."
3247168324_c45eaf734d.jpg,bad,exp1_longer,a red double decker bus,0.125,a long white limo with two people hanging out the window,A girl and a man wearing a colored hat is leaning from the window of a limousine .,a long white limo with two people hanging out the window,"A man , with rainbow hair , and a woman are yelling out the window of a limo .","Two people , one with a rainbow wig , wave out the window of a limo .","Two women , one in a rainbow wig , wave out of a long car ."
3247168324_c45eaf734d.jpg,bad,exp2_beam5,a red double decker bus,0.125,a long white limo with two people hanging out the window,A girl and a man wearing a colored hat is leaning from the window of a limousine .,a long white limo with two people hanging out the window,"A man , with rainbow hair , and a woman are yelling out the window of a limo .","Two people , one with a rainbow wig , wave out the window of a limo .","Two women , one in a rainbow wig , wave out of a long car ."
118187095_d422383c81.jpg,bad,baseline,a group of people walking down the street,0.1111,Two kids being pushed in car shaped strollers in a parade .,Parents are pushing little children in red car carts .,twin boys being pushed in small car shaped strollers in a parade,Twin toddlers dressed alike being pushed in plastic car strollers in a parade,Two children ride in toy cars .,Two kids being pushed in car shaped strollers in a parade .
118187095_d422383c81.jpg,bad,exp1_longer,a group of people walking down the street,0.1111,Two kids being pushed in car shaped strollers in a parade .,Parents are pushing little children in red car carts .,twin boys being pushed in small car shaped strollers in a parade,Twin toddlers dressed alike being pushed in plastic car strollers in a parade,Two children ride in toy cars .,Two kids being pushed in car shaped strollers in a parade .
118187095_d422383c81.jpg,bad,exp2_beam5,a group of people walking down the street,0.1111,Two kids being pushed in car shaped strollers in a parade .,Parents are pushing little children in red car carts .,twin boys being pushed in small car shaped strollers in a parade,Twin toddlers dressed alike being pushed in plastic car strollers in a parade,Two children ride in toy cars .,Two kids being pushed in car shaped strollers in a parade .
2529205842_bdcb49d65b.jpg,bad,baseline,a man wearing a black shirt,0.1111,"Two basketball players , one on the floor , struggle to gain possession of a basketball .",Basketball player has fallen on the court while another grabs at the ball from out of frame .,Two basketball players are scrambling for the ball on the court .,"Two basketball players , one on the floor , struggle to gain possession of a basketball .","Two high school basketball players reach to grab the ball , one falling to the floor .","Two men in uniforms playing basketball , struggle for the ball ."
2529205842_bdcb49d65b.jpg,bad,exp1_longer,a man wearing a black shirt,0.1111,"Two basketball players , one on the floor , struggle to gain possession of a basketball .",Basketball player has fallen on the court while another grabs at the ball from out of frame .,Two basketball players are scrambling for the ball on the court .,"Two basketball players , one on the floor , struggle to gain possession of a basketball .","Two high school basketball players reach to grab the ball , one falling to the floor .","Two men in uniforms playing basketball , struggle for the ball ."
2529205842_bdcb49d65b.jpg,bad,exp2_beam5,two boys playing basketball,0.4286,"Two men in uniforms playing basketball , struggle for the ball .",Basketball player has fallen on the court while another grabs at the ball from out of frame .,Two basketball players are scrambling for the ball on the court .,"Two basketball players , one on the floor , struggle to gain possession of a basketball .","Two high school basketball players reach to grab the ball , one falling to the floor .","Two men in uniforms playing basketball , struggle for the ball ."
2367318629_b60cf4c4b3.jpg,bad,baseline,a group of people walking down a street,0.1053,a few small children drapped with black cloaks and black hats with red trim .,a few small children drapped with black cloaks and black hats with red trim .,Five children dressed in black cloaks and hats .,five girls dressed alike,Four children in black and red hats and black clothes perform .,"Some children in black robes and black and red hats ,"
2367318629_b60cf4c4b3.jpg,bad,exp1_longer,a group of people walking down a street,0.1053,a few small children drapped with black cloaks and black hats with red trim .,a few small children drapped with black cloaks and black hats with red trim .,Five children dressed in black cloaks and hats .,five girls dressed alike,Four children in black and red hats and black clothes perform .,"Some children in black robes and black and red hats ,"
2367318629_b60cf4c4b3.jpg,bad,exp2_beam5,a group of people walking down the street,0.1,a few small children drapped with black cloaks and black hats with red trim .,a few small children drapped with black cloaks and black hats with red trim .,Five children dressed in black cloaks and hats .,five girls dressed alike,Four children in black and red hats and black clothes perform .,"Some children in black robes and black and red hats ,"
133189853_811de6ab2a.jpg,bad,baseline,two men in tuxed tuxed tuxed tuxed tuxed tuxed tuxed tuxed tu,0.1,One man in a vest and tie plants a kiss on the cheek of another happy man .,"A man wearing a tuxedo shirt , vest , and bow-tie is kissing another man wearing the same thing on the cheek .",A man with a shaved head is kissing another man on the cheek .,One man in a vest and tie plants a kiss on the cheek of another happy man .,One man kissing another man on the check and both are in white shirts with black vests .,"One men is laughing while being kissed on the cheek by another man , both men are wearing formal wear"
133189853_811de6ab2a.jpg,bad,exp1_longer,two men in tuxed tuxed tuxed tuxed tuxed tuxed tuxed tuxed tuxed tuxed tuxed tuxed tu,0.1,One man in a vest and tie plants a kiss on the cheek of another happy man .,"A man wearing a tuxedo shirt , vest , and bow-tie is kissing another man wearing the same thing on the cheek .",A man with a shaved head is kissing another man on the cheek .,One man in a vest and tie plants a kiss on the cheek of another happy man .,One man kissing another man on the check and both are in white shirts with black vests .,"One men is laughing while being kissed on the cheek by another man , both men are wearing formal wear"
133189853_811de6ab2a.jpg,bad,exp2_beam5,two men in tuxed tuxed tuxed tuxed tuxed tuxed tuxed tuxed tuxed tuxed tuxed tuxed tu,0.1,One man in a vest and tie plants a kiss on the cheek of another happy man .,"A man wearing a tuxedo shirt , vest , and bow-tie is kissing another man wearing the same thing on the cheek .",A man with a shaved head is kissing another man on the cheek .,One man in a vest and tie plants a kiss on the cheek of another happy man .,One man kissing another man on the check and both are in white shirts with black vests .,"One men is laughing while being kissed on the cheek by another man , both men are wearing formal wear"
1030985833_b0902ea560.jpg,bad,baseline,two dogs playing,0.0,,A black dog and a brown dog are jumping up to catch a red toy .,A black dog and a brown dog play with a red toy on a courtyard .,A brown and black lab are outside and the black lab is catching a toy in its mouth .,Black dog snaps at red and black object as brown dog lunges .,The Chocolate Lab jumps too late to get the toy as the Black Lab captures it in the driveway .
1030985833_b0902ea560.jpg,bad,exp1_longer,two dogs playing,0.0,,A black dog and a brown dog are jumping up to catch a red toy .,A black dog and a brown dog play with a red toy on a courtyard .,A brown and black lab are outside and the black lab is catching a toy in its mouth .,Black dog snaps at red and black object as brown dog lunges .,The Chocolate Lab jumps too late to get the toy as the Black Lab captures it in the driveway .
1030985833_b0902ea560.jpg,bad,exp2_beam5,the dog is black,0.3333,A brown and black lab are outside and the black lab is catching a toy in its mouth .,A black dog and a brown dog are jumping up to catch a red toy .,A black dog and a brown dog play with a red toy on a courtyard .,A brown and black lab are outside and the black lab is catching a toy in its mouth .,Black dog snaps at red and black object as brown dog lunges .,The Chocolate Lab jumps too late to get the toy as the Black Lab captures it in the driveway .
109738916_236dc456ac.jpg,bad,baseline,snow covered trees,0.0,,People are riding around on snowmobiles .,People pose with helmets and goggles on while riding snowmobiles .,Several people are taking a break while on a snowmobiling ride .,Three people and two snowmobiles .,Two helmeted men sit on yellow snowmobiles while another man stands behind watching .
109738916_236dc456ac.jpg,bad,exp1_longer,snow covered trees,0.0,,People are riding around on snowmobiles .,People pose with helmets and goggles on while riding snowmobiles .,Several people are taking a break while on a snowmobiling ride .,Three people and two snowmobiles .,Two helmeted men sit on yellow snowmobiles while another man stands behind watching .
109738916_236dc456ac.jpg,bad,exp2_beam5,snow on the ground,0.2,People are riding around on snowmobiles .,People are riding around on snowmobiles .,People pose with helmets and goggles on while riding snowmobiles .,Several people are taking a break while on a snowmobiling ride .,Three people and two snowmobiles .,Two helmeted men sit on yellow snowmobiles while another man stands behind watching .
2500567791_101d5ddee3.jpg,bad,baseline,the fence is metal,0.0,,a black cow and a brown cow being chased by a dog,A black cow and a brown cow being chased by a dog,A brown and black bull runs from a small black dog .,A brown cow jumps near a black one as a dog herds them .,Dog chasing brown cow and black cow
2500567791_101d5ddee3.jpg,bad,exp1_longer,the fence is metal,0.0,,a black cow and a brown cow being chased by a dog,A black cow and a brown cow being chased by a dog,A brown and black bull runs from a small black dog .,A brown cow jumps near a black one as a dog herds them .,Dog chasing brown cow and black cow
2500567791_101d5ddee3.jpg,bad,exp2_beam5,the fence is metal,0.0,,a black cow and a brown cow being chased by a dog,A black cow and a brown cow being chased by a dog,A brown and black bull runs from a small black dog .,A brown cow jumps near a black one as a dog herds them .,Dog chasing brown cow and black cow
3209620285_edfc479392.jpg,bad,baseline,a man holding a baseball bat,0.0,,Two men at the beach twirl sticks with fire at the ends .,Two men carry long objects on the sand .,Two people are twirling fire sticks whilst standing on the sand .,Two people juggle fire sticks in the mud .,Two people stand out on the beach and hold long sticks that have flames on each end .
3209620285_edfc479392.jpg,bad,exp1_longer,a man holding a baseball bat,0.0,,Two men at the beach twirl sticks with fire at the ends .,Two men carry long objects on the sand .,Two people are twirling fire sticks whilst standing on the sand .,Two people juggle fire sticks in the mud .,Two people stand out on the beach and hold long sticks that have flames on each end .
3209620285_edfc479392.jpg,bad,exp2_beam5,two people playing baseball on the beach,0.4444,Two people are twirling fire sticks whilst standing on the sand .,Two men at the beach twirl sticks with fire at the ends .,Two men carry long objects on the sand .,Two people are twirling fire sticks whilst standing on the sand .,Two people juggle fire sticks in the mud .,Two people stand out on the beach and hold long sticks that have flames on each end .
3217266166_4e0091860b.jpg,bad,baseline,a group of people standing around a fire,0.0,,Children play with large hoops .,Little kids playing with sparklers at night .,Two small children are twirling sparkling rope .,Two young boys playing with sparklers .,Two young children and an older man play with sparklers .
3217266166_4e0091860b.jpg,bad,exp1_longer,a group of people standing around a fire,0.0,,Children play with large hoops .,Little kids playing with sparklers at night .,Two small children are twirling sparkling rope .,Two young boys playing with sparklers .,Two young children and an older man play with sparklers .
3217266166_4e0091860b.jpg,bad,exp2_beam5,a group of people holding sparkle sticks,0.0,,Children play with large hoops .,Little kids playing with sparklers at night .,Two small children are twirling sparkling rope .,Two young boys playing with sparklers .,Two young children and an older man play with sparklers .
3271252073_0a1b9525fc.jpg,bad,baseline,woman wearing a black coat,0.0,,The ladies are talking .,Three women are smiling with paintings behind them .,"Three women at an art gallery , two of the women holding wine glasses .","Three women talking and laughing , while 2 hold glasses of wine .","Three women talking , holding glasses of wine , with paintings in the background ."
3271252073_0a1b9525fc.jpg,bad,exp1_longer,woman wearing a black coat,0.0,,The ladies are talking .,Three women are smiling with paintings behind them .,"Three women at an art gallery , two of the women holding wine glasses .","Three women talking and laughing , while 2 hold glasses of wine .","Three women talking , holding glasses of wine , with paintings in the background ."
3271252073_0a1b9525fc.jpg,bad,exp2_beam5,woman wearing a black coat,0.0,,The ladies are talking .,Three women are smiling with paintings behind them .,"Three women at an art gallery , two of the women holding wine glasses .","Three women talking and laughing , while 2 hold glasses of wine .","Three women talking , holding glasses of wine , with paintings in the background ."
3362592729_893e26b806.jpg,bad,baseline,a group of people playing a game of badminton,0.0,,two dancers each wearing black outfits with battons in midair,Two girls in black toss their guns in the air .,Twome women in black jumpsuits throw objects in the air in sync .,Two women in black outfits and barefoot are looking up .,Two women in black practising throwing rifles in the air .
3362592729_893e26b806.jpg,bad,exp1_longer,a group of people playing a game of badminton,0.0,,two dancers each wearing black outfits with battons in midair,Two girls in black toss their guns in the air .,Twome women in black jumpsuits throw objects in the air in sync .,Two women in black outfits and barefoot are looking up .,Two women in black practising throwing rifles in the air .
3362592729_893e26b806.jpg,bad,exp2_beam5,a group of people playing a game of badminton,0.0,,two dancers each wearing black outfits with battons in midair,Two girls in black toss their guns in the air .,Twome women in black jumpsuits throw objects in the air in sync .,Two women in black outfits and barefoot are looking up .,Two women in black practising throwing rifles in the air .
3532782283_341f0381a3.jpg,bad,baseline,a cloudy sky,0.0,,Three people are facing the mountains .,Three people looking toward the mountains .,Three people stand looking in the direction of some mountains .,Three people watching the clouds in the mountains .,Three young adults gaze at the approaching storm .
3532782283_341f0381a3.jpg,bad,exp1_longer,a cloudy sky,0.0,,Three people are facing the mountains .,Three people looking toward the mountains .,Three people stand looking in the direction of some mountains .,Three people watching the clouds in the mountains .,Three young adults gaze at the approaching storm .
3532782283_341f0381a3.jpg,bad,exp2_beam5,two people standing in a field,0.3077,Three people watching the clouds in the mountains .,Three people are facing the mountains .,Three people looking toward the mountains .,Three people stand looking in the direction of some mountains .,Three people watching the clouds in the mountains .,Three young adults gaze at the approaching storm .
